Banned coordinates,Protein Change
TET2.chr4.106157981.A.AGGCAGTAAGG,TET2 Q962Afs*13
TET2.CHR4.106196951.A.G,TET2 I1762V
chr13.28602226.AAG.A,FLT3_INS_chr13:28602226:*/A+AAG
FLT3.chr13.28602226.AAG.A,FLT3_c.2053+87_2053+88delCT
ASXL1.chr20.31022959.T.C,ASXL1:p.L815P
ASXL1.chr20.31022956.T.G,ASXL1:p.I814S
EZH2.chr7.148504716.AG.A,EZH2_c.*21delC
ATM.chr11.108183167.A.G,ATM:p.N1983S
ASXL1.chr20.31022957.T.A,ASXL1:p.I814=
STAG2.chrX.123179162.T.A,STAG2:p.L204H
ASXL1.chr20.31022947.A.C,ASXL1:p.N811T
ASXL1.chr20.31022949.G.T,ASXL1:p.G812C
JAK2.chr9.5073681.C.CT,JAK2_c.1777-7dupT
TET2.chr4.106196829.T.G,TET2:p.L1721W
TP53.chr17.7577407.A.C,TP53_c.665+92T>G
TP53.chr17.7577427.G.A,TP53_c.665+72C>T
TP53.chr17.7578115.T.C,TP53_c.555+62A>G
STAG2.chrX.123179163.T.G,STAG2:p.L204=
SETBP1.chr18.42533130.A.G,SETBP1:p.S1275=
SF3B1.chr2.198266943.C.T,SF3B1_c.2078-89G>A
ATM.chr11.108175462.G.A,ATM:p.D1853N
ASXL1.chr20.31022956.T.C,ASXL1:p.I814T
TET2.chr4.106196826.A.C,TET2:p.K1720T
RUNX1.chr21.36206765.A.T,RUNX1:p.P249=
KIT.chr4.55599436.T.C,
IDH1.chr2.209113048.G.GA,
EZH2.chr7.148504854.A.AGACTT,
EZH2.chr7.148508833.A.G,
CBL.chr11.119148573.G.T,
chr10.77210191.C.T,
chr6.62094328.T.A,
STAG2.chrX.123197557.T.C,
CES1P2.chr16.55770629.C.T,
chr10.77210229.G.GA,
chr6.40116264.T.G,
TET2.chr4.106196951.A.G,
chr14.56969005.C.T,
DNMT3A.chr2.25463483.G.A,
chr16.8569820.G.A,
RAB31.chr18.9750662.T.C,
SORCS3.chr10.106721610.G.A,
RAB31.chr18.9750648.A.G,
SORCS3.chr10.106721667.A.G,
SORCS3.chr10.106721703.G.T,
SORCS3.chr10.106721608.C.T,
NPM1.chr5.170837513.CTT.C,
FLT3.chr13.28592546.T.C,
FLT3.chr13.28602226.AAGAG.A,
ASXL1.chr20.31022956.T.A,
FLT3.chr13.28602256.C.T,
NPM1.chr5.170837513.C.CT,
chr6.62094287.A.T,
ASXL1.chr20.31022948.T.A,
chr13.28602226...A.AAG,
chr14.56969015.T.C,
chr6.40116266.G.T,
chr16.8569777.C.CTTTT,
chr10.77210229.GA.G,
WT1.chr11.32414333.G.T,
CES1P2.chr16.55770565.G.T,
CES1P2.chr16.55770698.C.CGAGCTGTAGAG,
STAG2.chrX.123181551.G.A,
chr6.40116266.G.A,
EZH2.chr7.148506363.T.G,
SORCS3.chr10.106721612.C.T,
SORCS3.chr10.106721612.C.A,
chr16.8569777.C.CTTT,
chr14.56969007.T.C,
chr6.62094294.T.C,
chr14.56968959.G.T,
chr16.8569777.C.CTTTTT,
chr10.77210101.T.A,
chr10.5554293.T.C,
chr10.77210106.T.A,
chr10.77210229.G.GAA,
RAB31.chr18.9750666.A.G,
chr14.56968943.C.G,
chr6.62094234.G.T,
SORCS3.chr10.106721556.T.A,
chr14.56969007.T.A,
chr16.8569777.C.CTT,
chr16.8569777.C.T,
RAB31.chr18.9750593.T.G,
chr10.77210138.T.A,
chr6.40116234.G.T,
RAB31.chr18.9750577.A.C,
CES1P2.chr16.55770564.T.G,
chr10.77210090.T.A,
chr10.77210234.A.G,
chr14.56968956.C.A,
chr14.56968960.A.G,
chr14.56969002.G.A,
RAB31.chr18.9750666.A.T,
RAB31.chr18.9750667.G.A,
SORCS3.chr10.106721615.G.A,
CES1P2.chr16.55770546.G.A,
CES1P2.chr16.55770575.A.G,
CES1P2.chr16.55770593.T.A,
CES1P2.chr16.55770650.A.G,
CES1P2.chr16.55770682.A.G,
CES1P2.chr16.55770690.T.C,
CES1P2.chr16.55770695.G.T,
CES1P2.chr16.55770706.T.A,
CES1P2.chr16.55770716.A.G,
chr10.5554199.T.C,
chr10.5554222.T.C,
chr10.5554326.AC.A,
chr10.5554391.A.G,
chr10.77210115.T.C,
chr10.77210152.G.A,
chr10.77210183.A.G,
chr10.77210184.T.C,
chr10.77210199.A.G,
chr10.77210226.A.G,
chr10.77210233.A.G,
chr10.77210259.A.G,
chr14.56968929.C.T,
chr14.56968939.T.C,
chr14.56968945.T.C,
chr14.56968947.T.C,
chr14.56968949.T.C,
chr14.56968955.T.C,
chr14.56968970.A.G,
chr14.56969001.A.T,
chr14.56969012.G.A,
chr14.56969014.T.C,
chr14.56969036.C.T,
chr14.56969041.A.G,
chr14.56969052.G.A,
chr14.56969061.GA.G,
chr14.56969062.A.G,
chr14.56969070.T.G,
chr14.56969071.T.C,
chr14.56969087.G.A,
chr14.56969093.A.G,
chr14.56969100.G.C,
chr14.56969104.G.A,
chr16.8569742.A.G,
chr16.8569748.T.C,
chr16.8569755.T.C,
chr16.8569756.C.T,
chr16.8569764.A.G,
chr16.8569771.C.T,
chr16.8569807.G.A,
chr16.8569809.C.T,
chr16.8569824.A.T,
chr16.8569830.G.A,
chr16.8569869.C.T,
chr16.8569878.T.C,
chr16.8569881.A.G,
chr5.170837513...CT.C,
chr6.40116178.T.C,
chr6.40116186.C.T,
chr6.40116194.T.C,
chr6.40116211.C.T,
chr6.40116252.T.C,
chr6.40116263.G.T,
chr6.40116265.G.A,
chr6.40116267.G.A,
chr6.40116275.T.C,
chr6.40116288.T.C,
chr6.40116295.A.G,
chr6.40116311.A.T,
chr6.40116318.A.G,
chr6.40116322.T.G,
chr6.40116348.G.A,
chr6.62094209.A.G,
chr6.62094236.T.C,
chr6.62094247.T.G,
chr6.62094286.C.G,
chr6.62094286.C.T,
chr6.62094294.T.G,
chr6.62094306.T.A,
chr6.62094314.A.C,
chr6.62094341.T.C,
chr6.62094344.A.T,
chr6.62094357.T.C,
MFSD11.chr17.74733099.G.A,
RAB31.chr18.9750581.T.C,
RAB31.chr18.9750586.A.G,
RAB31.chr18.9750608.A.G,
RAB31.chr18.9750647.A.G,
RAB31.chr18.9750655.G.A,
RAB31.chr18.9750668.A.T,
RAB31.chr18.9750670.T.C,
RAB31.chr18.9750672.A.G,
RAB31.chr18.9750672.A.T,
RAB31.chr18.9750674.A.G,
RAB31.chr18.9750678.C.T,
RAB31.chr18.9750690.A.G,
RAB31.chr18.9750695.A.G,
RAB31.chr18.9750735.C.T,
RAB31.chr18.9750758.A.G,
RAB31.chr18.9750767.A.G,
SORCS3.chr10.106721527.A.G,
SORCS3.chr10.106721554.A.G,
SORCS3.chr10.106721562.G.A,
SORCS3.chr10.106721569.T.C,
SORCS3.chr10.106721593.T.C,
SORCS3.chr10.106721646.G.A,
SORCS3.chr10.106721657.A.G,
SORCS3.chr10.106721659.T.C,